Server,"Health Check",Static,"Http Request"
OpenSwoole,1934.7021289062,2058.8263867188,1768.9151074219
Swoole,2159.3520605469,2287.7206835937,1912.2625683594
RoadRunner,976.80772460937,1506.1560253906,1491.6245117188
FrankenPHP,1728.045078125,2323.3395507813,2004.8254296875
