Server,"Health Check",Static,"Http Request"
OpenSwoole,2.2489869117737,2.3958758544922,2.6474905014038
Swoole,2.5534864234924,2.6973667621613,2.8584295558929
RoadRunner,1.1308639240265,1.7371370983124,2.1189876270294
FrankenPHP,2.2075377941132,2.9414973926544,3.2318995380402
