Server,"Health Check",Static,"Http Request"
OpenSwoole,1.88935754776,2.01057264328,1.7274561595917
Swoole,2.1087422466278,2.234102230072,1.8674439144135
RoadRunner,0.95391379356384,1.4708554935455,1.4566645622253
FrankenPHP,1.6875440216064,2.2688862800598,1.9578373336792
